[
    {
        "id": "79e15e8d2ff3146a",
        "type": "tab",
        "label": "플로우 2",
        "disabled": false,
        "info": "",
        "env": []
    },
    {
        "id": "4fb061ce9cd35c0b",
        "type": "uibuilder",
        "z": "79e15e8d2ff3146a",
        "name": "",
        "topic": "",
        "url": "kio",
        "fwdInMessages": false,
        "allowScripts": false,
        "allowStyles": false,
        "copyIndex": true,
        "templateFolder": "blank",
        "extTemplate": "",
        "showfolder": false,
        "reload": false,
        "sourceFolder": "src",
        "deployedVersion": "5.1.1",
        "x": 430,
        "y": 200,
        "wires": [
            [
                "5089c6bb5745a406",
                "acb13756a5cbb3e4",
                "d435754bbc748fe4"
            ],
            []
        ]
    },
    {
        "id": "5089c6bb5745a406",
        "type": "debug",
        "z": "79e15e8d2ff3146a",
        "name": "",
        "active": true,
        "tosidebar": true,
        "console": false,
        "tostatus": true,
        "complete": "true",
        "targetType": "full",
        "statusVal": "payload",
        "statusType": "auto",
        "x": 610,
        "y": 180,
        "wires": []
    },
    {
        "id": "8d3052f27cf476f0",
        "type": "inject",
        "z": "79e15e8d2ff3146a",
        "name": "",
        "props": [
            {
                "p": "payload"
            },
            {
                "p": "topic",
                "vt": "str"
            }
        ],
        "repeat": "",
        "crontab": "",
        "once": false,
        "onceDelay": 0.1,
        "topic": "r_tank1",
        "payload": "100",
        "payloadType": "str",
        "x": 110,
        "y": 60,
        "wires": [
            [
                "4fb061ce9cd35c0b"
            ]
        ]
    },
    {
        "id": "e3f30745b80583bc",
        "type": "inject",
        "z": "79e15e8d2ff3146a",
        "name": "",
        "props": [
            {
                "p": "payload"
            },
            {
                "p": "topic",
                "vt": "str"
            }
        ],
        "repeat": "",
        "crontab": "",
        "once": false,
        "onceDelay": 0.1,
        "topic": "r_tank2",
        "payload": "200",
        "payloadType": "str",
        "x": 110,
        "y": 100,
        "wires": [
            [
                "4fb061ce9cd35c0b"
            ]
        ]
    },
    {
        "id": "7b483b736b43599b",
        "type": "inject",
        "z": "79e15e8d2ff3146a",
        "name": "",
        "props": [
            {
                "p": "payload"
            },
            {
                "p": "topic",
                "vt": "str"
            }
        ],
        "repeat": "",
        "crontab": "",
        "once": false,
        "onceDelay": 0.1,
        "topic": "r_tank3",
        "payload": "300",
        "payloadType": "str",
        "x": 110,
        "y": 140,
        "wires": [
            [
                "4fb061ce9cd35c0b"
            ]
        ]
    },
    {
        "id": "8fe4f6773b4a6e8b",
        "type": "inject",
        "z": "79e15e8d2ff3146a",
        "name": "",
        "props": [
            {
                "p": "payload"
            },
            {
                "p": "topic",
                "vt": "str"
            }
        ],
        "repeat": "",
        "crontab": "",
        "once": false,
        "onceDelay": 0.1,
        "topic": "stank1",
        "payload": "231",
        "payloadType": "num",
        "x": 100,
        "y": 240,
        "wires": [
            [
                "4fb061ce9cd35c0b"
            ]
        ]
    },
    {
        "id": "23e316cef4573226",
        "type": "inject",
        "z": "79e15e8d2ff3146a",
        "name": "",
        "props": [
            {
                "p": "payload"
            },
            {
                "p": "topic",
                "vt": "str"
            }
        ],
        "repeat": "",
        "crontab": "",
        "once": false,
        "onceDelay": 0.1,
        "topic": "profile",
        "payload": "Seo kanghyeon",
        "payloadType": "str",
        "x": 140,
        "y": 360,
        "wires": [
            [
                "4fb061ce9cd35c0b"
            ]
        ]
    },
    {
        "id": "5f81c9daeb7215e6",
        "type": "inject",
        "z": "79e15e8d2ff3146a",
        "name": "",
        "props": [
            {
                "p": "payload"
            },
            {
                "p": "topic",
                "vt": "str"
            }
        ],
        "repeat": "",
        "crontab": "",
        "once": false,
        "onceDelay": 0.1,
        "topic": "stank1",
        "payload": "999",
        "payloadType": "num",
        "x": 100,
        "y": 280,
        "wires": [
            [
                "4fb061ce9cd35c0b"
            ]
        ]
    },
    {
        "id": "cb4c86d9655f976e",
        "type": "http request",
        "z": "79e15e8d2ff3146a",
        "name": "",
        "method": "GET",
        "ret": "obj",
        "paytoqs": "ignore",
        "url": "http://1.234.51.99/nodered/PHP_connection.php",
        "tls": "",
        "persist": false,
        "proxy": "",
        "authType": "",
        "senderr": false,
        "x": 750,
        "y": 360,
        "wires": [
            [
                "86a92b804b7f9669"
            ]
        ]
    },
    {
        "id": "86a92b804b7f9669",
        "type": "html",
        "z": "79e15e8d2ff3146a",
        "name": "",
        "property": "*",
        "outproperty": "*",
        "tag": "",
        "ret": "attr",
        "as": "single",
        "x": 910,
        "y": 360,
        "wires": [
            [
                "4fb061ce9cd35c0b"
            ]
        ]
    },
    {
        "id": "acb13756a5cbb3e4",
        "type": "function",
        "z": "79e15e8d2ff3146a",
        "name": "",
        "func": "if(msg[\"topic\"] == 'sql'){\n    var test = msg.payload.split('\\n')\n    msg.topic = \"INSERT INTO node_red.nodeadmin (name,password,img)\";\n    msg.topic += \"VALUES('\"+test[0]+\"',\"+\"'\"+test[1]+\"'\"+\",\"+\"'\"+test[2]+\"'\"+\");\"\n    return msg;\n}\n",
        "outputs": 1,
        "noerr": 0,
        "initialize": "",
        "finalize": "",
        "libs": [],
        "x": 300,
        "y": 540,
        "wires": [
            [
                "2150d476b7f69077"
            ]
        ]
    },
    {
        "id": "e3440cd16c90e548",
        "type": "debug",
        "z": "79e15e8d2ff3146a",
        "name": "",
        "active": true,
        "tosidebar": true,
        "console": false,
        "tostatus": false,
        "complete": "false",
        "statusVal": "",
        "statusType": "auto",
        "x": 630,
        "y": 540,
        "wires": []
    },
    {
        "id": "2150d476b7f69077",
        "type": "mysql",
        "z": "79e15e8d2ff3146a",
        "mydb": "e687d426005f8d04",
        "name": "",
        "x": 460,
        "y": 540,
        "wires": [
            [
                "e3440cd16c90e548"
            ]
        ]
    },
    {
        "id": "d435754bbc748fe4",
        "type": "function",
        "z": "79e15e8d2ff3146a",
        "name": "",
        "func": "if(msg[\"topic\"]==\"info\"){\n    msg[\"topic\"] = \"admin\";\n \n    return msg;\n}\n",
        "outputs": 1,
        "noerr": 0,
        "initialize": "",
        "finalize": "",
        "libs": [],
        "x": 580,
        "y": 360,
        "wires": [
            [
                "cb4c86d9655f976e"
            ]
        ]
    },
    {
        "id": "e687d426005f8d04",
        "type": "MySQLdatabase",
        "name": "",
        "host": "1.234.51.99",
        "port": "3306",
        "db": "node_red",
        "tz": "",
        "charset": "UTF8"
    }
]